{"cameraMode":{"drawMode":0,"name":"Shaded","section":"Shading Mode"},"sceneLighting":true,"audioPlay":false,"sceneViewState":{"m_AlwaysRefresh":false,"showFog":true,"showSkybox":true,"showFlares":true,"showImageEffects":true,"showParticleSystems":true,"showVisualEffectGraphs":true,"m_FxEnabled":true},"in2DMode":false,"pivot":{"x":1.3510239124298096,"y":1.2091670036315919,"z":-0.8312128186225891},"rotation":{"x":0.00003549776374711655,"y":0.9997509121894836,"z":-0.02339658886194229,"w":0.001797371543943882},"size":0.1812213957309723,"orthographic":false}