{"cameraMode":{"drawMode":0,"name":"Shaded","section":"Shading Mode"},"sceneLighting":true,"audioPlay":false,"sceneViewState":{"m_AlwaysRefresh":false,"showFog":true,"showSkybox":true,"showFlares":true,"showImageEffects":true,"showParticleSystems":true,"showVisualEffectGraphs":true,"m_FxEnabled":true},"in2DMode":false,"pivot":{"x":10.073143005371094,"y":0.7347254753112793,"z":12.146862030029297},"rotation":{"x":0.013824359513819218,"y":0.9468998908996582,"z":-0.041231919080019,"w":0.31865939497947695},"size":0.04248422756791115,"orthographic":false}