{"cameraMode":{"drawMode":0,"name":"Shaded","section":"Shading Mode"},"sceneLighting":true,"audioPlay":false,"sceneViewState":{"m_AlwaysRefresh":false,"showFog":true,"showSkybox":true,"showFlares":true,"showImageEffects":true,"showParticleSystems":true,"showVisualEffectGraphs":true,"m_FxEnabled":true},"in2DMode":false,"pivot":{"x":-0.8184109926223755,"y":0.4471839964389801,"z":-0.1763191521167755},"rotation":{"x":-0.2853107452392578,"y":0.6330865025520325,"z":-0.27095144987106326,"w":-0.6666327118873596},"size":0.23975273966789246,"orthographic":false}