{"cameraMode":{"drawMode":0,"name":"Shaded","section":"Shading Mode"},"sceneLighting":true,"audioPlay":false,"sceneViewState":{"m_AlwaysRefresh":false,"showFog":true,"showSkybox":true,"showFlares":true,"showImageEffects":true,"showParticleSystems":true,"showVisualEffectGraphs":true,"m_FxEnabled":true},"in2DMode":false,"pivot":{"x":-1.0340712070465088,"y":0.5098504424095154,"z":0.05979225039482117},"rotation":{"x":0.36908838152885439,"y":-0.4173314571380615,"z":0.1906704604625702,"w":0.8082866668701172},"size":1.1287652254104615,"orthographic":false}