{"cameraMode":{"drawMode":0,"name":"Shaded","section":"Shading Mode"},"sceneLighting":true,"audioPlay":false,"sceneViewState":{"m_AlwaysRefresh":false,"showFog":true,"showSkybox":true,"showFlares":true,"showImageEffects":true,"showParticleSystems":true,"showVisualEffectGraphs":true,"m_FxEnabled":true},"in2DMode":false,"pivot":{"x":-0.8020390272140503,"y":0.5795313119888306,"z":-0.014049752615392208},"rotation":{"x":0.11294206976890564,"y":-0.7309419512748718,"z":0.12451640516519547,"w":0.6615179181098938},"size":0.2573992908000946,"orthographic":false}